Название товара или услуги,Цена продажи,Артикул,Полное описание,Дополнительне поле: Установка в штатные места,Дополнительне поле: Комплектность,Дополнительне поле: Нужно клеить,Изображения,Размещение на сайте,old url,Параметр: Совместимость:,Дополнительне поле: Гарантия,Краткое описание
"Комплект шумоизоляционный ""Антискрип""","",Код товара: LS-ANTI,Данный продукт заявлен производителем для установки в штатные места. Вам не придется делать новых отверстий в машине для установки. Чаще всего у таких деталей используется родной крепеж (бывают исключения).,Данный продукт заявлен производителем для установки в штатные места. Вам не придется делать новых отверстий в машине для установки. Чаще всего у таких деталей используется родной крепеж (бывают исключения).,Поставщик заявил следующую комплектность: 3 полосы,"Данное изделие нужно приклеивать. Ознакомьтесь с нашей инструкцией . Если скотч не нанесен, . Рекомендуем взять в салфетках или .","https://granves-shop.ru/images/photos/medium/shop1270-2.jpg, https://granves-shop.ru/images/photos/medium/shop1270-3.jpg, https://granves-shop.ru/images/photos/medium/shop1270-4.jpg",Главная → Шумоизоляция,https://granves-shop.ru/shop/shumoizoljacija/komplekt-shumoizoljacionnyi-antiskrip.html,,,
"Антискрип Маделин - Н (лента) 15х2000 мм., STP","",Код товара: 03952-02-00,Данный продукт заявлен производителем для установки в штатные места. Вам не придется делать новых отверстий в машине для установки. Чаще всего у таких деталей используется родной крепеж (бывают исключения).,Данный продукт заявлен производителем для установки в штатные места. Вам не придется делать новых отверстий в машине для установки. Чаще всего у таких деталей используется родной крепеж (бывают исключения).,Поставщик заявил следующую комплектность: Лента - 1 шт.,"Данное изделие нужно приклеивать. Ознакомьтесь с нашей инструкцией . Если скотч не нанесен, . Рекомендуем взять в салфетках или .","https://granves-shop.ru/images/photos/medium/shop3924-5.jpg, https://granves-shop.ru/images/photos/medium/shop3924-6.jpg, https://granves-shop.ru/images/photos/medium/shop3924-7.jpg, https://granves-shop.ru/images/photos/medium/shop3924-8.jpg",Главная → Шумоизоляция,https://granves-shop.ru/shop/shumoizoljacija/antiskrip-madelin-n-lenta-15h2000-mm-stp.html,,,
Шумоизоляция моторного отсека Лада Х Рей,"",Код товара: 679002391R,Данный продукт заявлен производителем для установки в штатные места. Вам не придется делать новых отверстий в машине для установки. Чаще всего у таких деталей используется родной крепеж (бывают исключения).,Данный продукт заявлен производителем для установки в штатные места. Вам не придется делать новых отверстий в машине для установки. Чаще всего у таких деталей используется родной крепеж (бывают исключения).,Поставщик заявил следующую комплектность: Шумоизоляция - 1 шт.,,https://granves-shop.ru/images/photos/medium/shop1966-1.jpg,Главная → Шумоизоляция##Главная → Запчасти и тюнинг двигателя,https://granves-shop.ru/shop/dvigatel/shumoizoljacija-motornogo-otseka-lada-h-rei.html,Лада Х Рей,,
Комплект для виброизоляции капота Лада Веста,"",Код товара: VIK-LDVS,Данный продукт заявлен производителем для установки в штатные места. Вам не придется делать новых отверстий в машине для установки. Чаще всего у таких деталей используется родной крепеж (бывают исключения).,Данный продукт заявлен производителем для установки в штатные места. Вам не придется делать новых отверстий в машине для установки. Чаще всего у таких деталей используется родной крепеж (бывают исключения).,"Поставщик заявил следующую комплектность: 4 листа, инструкция","Данное изделие нужно приклеивать. Ознакомьтесь с нашей инструкцией . Если скотч не нанесен, . Рекомендуем взять в салфетках или .","https://granves-shop.ru/images/photos/medium/shop2539-3.jpg, https://granves-shop.ru/images/photos/medium/shop2539-4.jpg, https://granves-shop.ru/images/photos/medium/shop2539-5.jpg, https://granves-shop.ru/images/photos/medium/shop2539-6.jpg, https://granves-shop.ru/images/photos/medium/shop2539-7.jpg",Главная → Шумоизоляция,https://granves-shop.ru/shop/v-pomosch-avtomobilistu/obshivki-kapota-utepliteli-i-shumoizoljacii/komplekt-dlja-vibroizoljacii-kapota-lada-vesta.html, Лада Веста (все модели),На данный продукт производитель дает следующую гарантию: 6 месяцев,
Виброшумоизоляционный комплект для задних арок колес,"",Код товара: VS-KVSCHZAK,"Поставщик заявил следующую комплектность: Виброизоляционный материал Bimast Super - 4 листа, шумопоглощающий материал Бипласт 10 - 2 листа, инструкция по применению",,"Поставщик заявил следующую комплектность: Виброизоляционный материал Bimast Super - 4 листа, шумопоглощающий материал Бипласт 10 - 2 листа, инструкция по применению",,"https://granves-shop.ru/images/photos/medium/shop2124-3.jpg, https://granves-shop.ru/images/photos/medium/shop2124-4.jpg, https://granves-shop.ru/images/photos/medium/shop2124-5.jpg",Главная → Шумоизоляция,https://granves-shop.ru/shop/shumoizoljacija/vibroshumoizoljacionnyi-komplekt-dlja-zadnih-arok-koles.html, Универсальный,,
Карпет автомобильный 100х150,"",Код товара: M01ALSU10356,Данный продукт заявлен производителем для установки в штатные места. Вам не придется делать новых отверстий в машине для установки. Чаще всего у таких деталей используется родной крепеж (бывают исключения).,Данный продукт заявлен производителем для установки в штатные места. Вам не придется делать новых отверстий в машине для установки. Чаще всего у таких деталей используется родной крепеж (бывают исключения).,Поставщик заявил следующую комплектность: Цельный лист,"Данное изделие нужно приклеивать. Ознакомьтесь с нашей инструкцией . Если скотч не нанесен, . Рекомендуем взять в салфетках или .","https://granves-shop.ru/images/photos/medium/shop2964-10.jpg, https://granves-shop.ru/images/photos/medium/shop2964-11.jpg, https://granves-shop.ru/images/photos/medium/shop2964-12.jpg, https://granves-shop.ru/images/photos/medium/shop2964-13.jpg, https://granves-shop.ru/images/photos/medium/shop2964-7.jpg, https://granves-shop.ru/images/photos/medium/shop2964-8.jpg, https://granves-shop.ru/images/photos/medium/shop2964-9.jpg",Главная → Шумоизоляция,https://granves-shop.ru/shop/v-pomosch-avtomobilistu/vorsovye-vkladyshi-i-kovriki-v-nishi/karpet-avtomobilnyi-100h150.html,,,
"Звукопоглощающий материал Relief 15 (0,75х1м.), STP","",Код товара: 08021-01-00,Данный продукт заявлен производителем для установки в штатные места. Вам не придется делать новых отверстий в машине для установки. Чаще всего у таких деталей используется родной крепеж (бывают исключения).,Данный продукт заявлен производителем для установки в штатные места. Вам не придется делать новых отверстий в машине для установки. Чаще всего у таких деталей используется родной крепеж (бывают исключения).,Поставщик заявил следующую комплектность: Лист - 1 шт.,"Данное изделие нужно приклеивать. Ознакомьтесь с нашей инструкцией . Если скотч не нанесен, . Рекомендуем взять в салфетках или .","https://granves-shop.ru/images/photos/medium/shop3932-1.jpg, https://granves-shop.ru/images/photos/medium/shop3932-2.jpg, https://granves-shop.ru/images/photos/medium/shop3932-3.jpg, https://granves-shop.ru/images/photos/medium/shop3932-4.jpg",Главная → Шумоизоляция,https://granves-shop.ru/shop/shumoizoljacija/zvukopogloschayuschii-material-relief-15-0-75h1m-stp.html,,,
"Изолента для жгутирования проводки 19 мм*10 м, антискрип","",Код товара: AAT-F-02,Поставщик заявил следующую комплектность: Изолента - 1 шт.,,Поставщик заявил следующую комплектность: Изолента - 1 шт.,,https://granves-shop.ru/images/photos/medium/shop4133-1.jpg,Главная → Шумоизоляция,https://granves-shop.ru/shop/shumoizoljacija/izolenta-dlja-zhgutirovanija-provodki-19-mm-10-m-antiskrip.html,,,"Внимание! Срок поставки этой позиции может отличаться от стандартного и составлять до <span style=""color: red"">5</span> рабочих дней<br><font size=""1"">При отстутствии товара на основном складе цена может измениться и подлежит уточнению!</font>"
"Антискрип Битопласт А 5 К (лента) 15х2000 мм., STP","",Код товара: 02852-02-00,Данный продукт заявлен производителем для установки в штатные места. Вам не придется делать новых отверстий в машине для установки. Чаще всего у таких деталей используется родной крепеж (бывают исключения).,Данный продукт заявлен производителем для установки в штатные места. Вам не придется делать новых отверстий в машине для установки. Чаще всего у таких деталей используется родной крепеж (бывают исключения).,Поставщик заявил следующую комплектность: Лента - 1 шт.,"Данное изделие нужно приклеивать. Ознакомьтесь с нашей инструкцией . Если скотч не нанесен, . Рекомендуем взять в салфетках или .","https://granves-shop.ru/images/photos/medium/shop3925-2.jpg, https://granves-shop.ru/images/photos/medium/shop3925-3.jpg, https://granves-shop.ru/images/photos/medium/shop3925-4.jpg, https://granves-shop.ru/images/photos/medium/shop3925-5.jpg, https://granves-shop.ru/images/photos/medium/shop3925-6.jpg",Главная → Шумоизоляция,https://granves-shop.ru/shop/shumoizoljacija/antiskrip-bitoplast-a-5-k-lenta-15h2000-mm-stp.html,,,
"Антискрип Маделин - Н (1 х 1.75 м), STP","",Код товара: 00036-02-00,Данный продукт заявлен производителем для установки в штатные места. Вам не придется делать новых отверстий в машине для установки. Чаще всего у таких деталей используется родной крепеж (бывают исключения).,Данный продукт заявлен производителем для установки в штатные места. Вам не придется делать новых отверстий в машине для установки. Чаще всего у таких деталей используется родной крепеж (бывают исключения).,Поставщик заявил следующую комплектность: Лист - 1 шт.,"Данное изделие нужно приклеивать. Ознакомьтесь с нашей инструкцией . Если скотч не нанесен, . Рекомендуем взять в салфетках или .","https://granves-shop.ru/images/photos/medium/shop3923-1.jpg, https://granves-shop.ru/images/photos/medium/shop3923-2.jpg, https://granves-shop.ru/images/photos/medium/shop3923-3.jpg, https://granves-shop.ru/images/photos/medium/shop3923-4.jpg, https://granves-shop.ru/images/photos/medium/shop3923-5.jpg, https://granves-shop.ru/images/photos/medium/shop3923-6.jpg",Главная → Шумоизоляция,https://granves-shop.ru/shop/shumoizoljacija/antiskrip-madelin-n-1-h-1-75-m-stp.html,,,
"Вибродемпфирующий материал GB 3 (0,75х0,47м.), STP","",Код товара: 00670-09-00,Данный продукт заявлен производителем для установки в штатные места. Вам не придется делать новых отверстий в машине для установки. Чаще всего у таких деталей используется родной крепеж (бывают исключения).,Данный продукт заявлен производителем для установки в штатные места. Вам не придется делать новых отверстий в машине для установки. Чаще всего у таких деталей используется родной крепеж (бывают исключения).,Поставщик заявил следующую комплектность: Лист - 1 шт.,,"https://granves-shop.ru/images/photos/medium/shop3935-1.jpg, https://granves-shop.ru/images/photos/medium/shop3935-2.jpg, https://granves-shop.ru/images/photos/medium/shop3935-3.jpg",Главная → Шумоизоляция,https://granves-shop.ru/shop/shumoizoljacija/vibrodempfiruyuschii-material-gb-3-0-75h0-47m-stp.html,,,
"Вибродемпфирующий материал StP Silver 2,0 NEW (0,75х0,47м.)","",Код товара: 05586-02-00,Данный продукт заявлен производителем для установки в штатные места. Вам не придется делать новых отверстий в машине для установки. Чаще всего у таких деталей используется родной крепеж (бывают исключения).,Данный продукт заявлен производителем для установки в штатные места. Вам не придется делать новых отверстий в машине для установки. Чаще всего у таких деталей используется родной крепеж (бывают исключения).,Поставщик заявил следующую комплектность: Лист - 1 шт.,"Данное изделие нужно приклеивать. Ознакомьтесь с нашей инструкцией . Если скотч не нанесен, . Рекомендуем взять в салфетках или .","https://granves-shop.ru/images/photos/medium/shop3937-1.jpg, https://granves-shop.ru/images/photos/medium/shop3937-2.jpg, https://granves-shop.ru/images/photos/medium/shop3937-3.jpg, https://granves-shop.ru/images/photos/medium/shop3937-4.jpg, https://granves-shop.ru/images/photos/medium/shop3937-5.jpg",Главная → Шумоизоляция,https://granves-shop.ru/shop/shumoizoljacija/vibrodempfiruyuschii-material-stp-silver-2-0-new-0-75h0-47m.html,,,
"Звукопоглощающий материал Accent Premium 6 (0,75х1м.), STP","",Код товара: 05913-02-00,Данный продукт заявлен производителем для установки в штатные места. Вам не придется делать новых отверстий в машине для установки. Чаще всего у таких деталей используется родной крепеж (бывают исключения).,Данный продукт заявлен производителем для установки в штатные места. Вам не придется делать новых отверстий в машине для установки. Чаще всего у таких деталей используется родной крепеж (бывают исключения).,Поставщик заявил следующую комплектность: Лист - 1 шт.,"Данное изделие нужно приклеивать. Ознакомьтесь с нашей инструкцией . Если скотч не нанесен, . Рекомендуем взять в салфетках или .","https://granves-shop.ru/images/photos/medium/shop3928-1.jpg, https://granves-shop.ru/images/photos/medium/shop3928-2.jpg, https://granves-shop.ru/images/photos/medium/shop3928-3.jpg, https://granves-shop.ru/images/photos/medium/shop3928-4.jpg, https://granves-shop.ru/images/photos/medium/shop3928-5.jpg",Главная → Шумоизоляция,https://granves-shop.ru/shop/shumoizoljacija/zvukopogloshayuschii-material-accent-premium-6-0-75h1m-stp.html,,,
"Звукопоглощающий материал Biplast Premium 15 A (armor) (0,75х1м.), STP","",Код товара: 00915-01-00,Данный продукт заявлен производителем для установки в штатные места. Вам не придется делать новых отверстий в машине для установки. Чаще всего у таких деталей используется родной крепеж (бывают исключения).,Данный продукт заявлен производителем для установки в штатные места. Вам не придется делать новых отверстий в машине для установки. Чаще всего у таких деталей используется родной крепеж (бывают исключения).,Поставщик заявил следующую комплектность: Лист - 1 шт.,"Данное изделие нужно приклеивать. Ознакомьтесь с нашей инструкцией . Если скотч не нанесен, . Рекомендуем взять в салфетках или .","https://granves-shop.ru/images/photos/medium/shop3929-1.jpg, https://granves-shop.ru/images/photos/medium/shop3929-2.jpg, https://granves-shop.ru/images/photos/medium/shop3929-3.jpg",Главная → Шумоизоляция,https://granves-shop.ru/shop/shumoizoljacija/zvukopogloschayuschii-material-biplast-premium-15-a-armor-0-75h1m-stp.html,,,
"Уплотнительный материал BlackTon 6 (0,75х1м.)","",Код товара: 05738-02-00,Данный продукт заявлен производителем для установки в штатные места. Вам не придется делать новых отверстий в машине для установки. Чаще всего у таких деталей используется родной крепеж (бывают исключения).,Данный продукт заявлен производителем для установки в штатные места. Вам не придется делать новых отверстий в машине для установки. Чаще всего у таких деталей используется родной крепеж (бывают исключения).,Поставщик заявил следующую комплектность: Лист - 1 шт.,"Данное изделие нужно приклеивать. Ознакомьтесь с нашей инструкцией . Если скотч не нанесен, . Рекомендуем взять в салфетках или .","https://granves-shop.ru/images/photos/medium/shop3921-1.jpg, https://granves-shop.ru/images/photos/medium/shop3921-2.jpg, https://granves-shop.ru/images/photos/medium/shop3921-3.jpg, https://granves-shop.ru/images/photos/medium/shop3921-4.jpg, https://granves-shop.ru/images/photos/medium/shop3921-5.jpg",Главная → Шумоизоляция,https://granves-shop.ru/shop/shumoizoljacija/uplotnitelnyi-material-blackton-6-0-75h1m.html,,,
"Звукопоглощающий материал Битопласт А 5 К (0,75х1м.), STP","",Код товара: 00017-06-00,Данный продукт заявлен производителем для установки в штатные места. Вам не придется делать новых отверстий в машине для установки. Чаще всего у таких деталей используется родной крепеж (бывают исключения).,Данный продукт заявлен производителем для установки в штатные места. Вам не придется делать новых отверстий в машине для установки. Чаще всего у таких деталей используется родной крепеж (бывают исключения).,Поставщик заявил следующую комплектность: Лист - 1 шт.,"Данное изделие нужно приклеивать. Ознакомьтесь с нашей инструкцией . Если скотч не нанесен, . Рекомендуем взять в салфетках или .","https://granves-shop.ru/images/photos/medium/shop3931-1.jpg, https://granves-shop.ru/images/photos/medium/shop3931-2.jpg, https://granves-shop.ru/images/photos/medium/shop3931-3.jpg",Главная → Шумоизоляция,https://granves-shop.ru/shop/shumoizoljacija/zvukopogloschayuschii-material-bitoplast-a-5-k-0-75h1m-stp.html,,,
"Уплотнительный материал BlackTon 4 (0,75х1м)","",Код товара: 06186-01-00,Данный продукт заявлен производителем для установки в штатные места. Вам не придется делать новых отверстий в машине для установки. Чаще всего у таких деталей используется родной крепеж (бывают исключения).,Данный продукт заявлен производителем для установки в штатные места. Вам не придется делать новых отверстий в машине для установки. Чаще всего у таких деталей используется родной крепеж (бывают исключения).,Поставщик заявил следующую комплектность: Лист - 1 шт.,"Данное изделие нужно приклеивать. Ознакомьтесь с нашей инструкцией . Если скотч не нанесен, . Рекомендуем взять в салфетках или .","https://granves-shop.ru/images/photos/medium/shop3920-1.jpg, https://granves-shop.ru/images/photos/medium/shop3920-2.jpg, https://granves-shop.ru/images/photos/medium/shop3920-3.jpg, https://granves-shop.ru/images/photos/medium/shop3920-4.jpg, https://granves-shop.ru/images/photos/medium/shop3920-5.jpg",Главная → Шумоизоляция,https://granves-shop.ru/shop/shumoizoljacija/uplotnitelnyi-material-blackton-4-0-75h1m.html,,,
"Уплотнительный материал BlackTon 8 (0,75х1м.)","",Код товара: 06192-01-00,Данный продукт заявлен производителем для установки в штатные места. Вам не придется делать новых отверстий в машине для установки. Чаще всего у таких деталей используется родной крепеж (бывают исключения).,Данный продукт заявлен производителем для установки в штатные места. Вам не придется делать новых отверстий в машине для установки. Чаще всего у таких деталей используется родной крепеж (бывают исключения).,Поставщик заявил следующую комплектность: Лист - 1 шт.,"Данное изделие нужно приклеивать. Ознакомьтесь с нашей инструкцией . Если скотч не нанесен, . Рекомендуем взять в салфетках или .","https://granves-shop.ru/images/photos/medium/shop3922-1.jpg, https://granves-shop.ru/images/photos/medium/shop3922-2.jpg, https://granves-shop.ru/images/photos/medium/shop3922-3.jpg, https://granves-shop.ru/images/photos/medium/shop3922-4.jpg, https://granves-shop.ru/images/photos/medium/shop3922-5.jpg",Главная → Шумоизоляция,https://granves-shop.ru/shop/shumoizoljacija/uplotnitelnyi-material-blackton-8-0-75h1m.html,,,
"Вибродемпфирующий материал GB 2 (0,75х0,47м.), STP","",Код товара: 00520-11-00,Данный продукт заявлен производителем для установки в штатные места. Вам не придется делать новых отверстий в машине для установки. Чаще всего у таких деталей используется родной крепеж (бывают исключения).,Данный продукт заявлен производителем для установки в штатные места. Вам не придется делать новых отверстий в машине для установки. Чаще всего у таких деталей используется родной крепеж (бывают исключения).,Поставщик заявил следующую комплектность: Лист - 1 шт.,"Данное изделие нужно приклеивать. Ознакомьтесь с нашей инструкцией . Если скотч не нанесен, . Рекомендуем взять в салфетках или .","https://granves-shop.ru/images/photos/medium/shop3933-1.jpg, https://granves-shop.ru/images/photos/medium/shop3933-2.jpg, https://granves-shop.ru/images/photos/medium/shop3933-3.jpg",Главная → Шумоизоляция,https://granves-shop.ru/shop/shumoizoljacija/vibrodempfiruyuschii-material-gb-2-0-75h0-47m-stp.html,,,
"Валик прикаточный металлический (большой) 35мм, STP","",Код товара: 00530-00-00,Поставщик заявил следующую комплектность: Валик - 1 шт.,,Поставщик заявил следующую комплектность: Валик - 1 шт.,,"https://granves-shop.ru/images/photos/medium/shop3927-1.jpg, https://granves-shop.ru/images/photos/medium/shop3927-2.jpg",Главная → Шумоизоляция,https://granves-shop.ru/shop/shumoizoljacija/valik-prikatochnyi-metallicheskii-bolshoi-40mm-stp.html,,,
"Звукопоглощающий материал Битопласт А 10 К (0,75х1м.), STP","",Код товара: 00013-06-00,Данный продукт заявлен производителем для установки в штатные места. Вам не придется делать новых отверстий в машине для установки. Чаще всего у таких деталей используется родной крепеж (бывают исключения).,Данный продукт заявлен производителем для установки в штатные места. Вам не придется делать новых отверстий в машине для установки. Чаще всего у таких деталей используется родной крепеж (бывают исключения).,Поставщик заявил следующую комплектность: Лист - 1 шт.,"Данное изделие нужно приклеивать. Ознакомьтесь с нашей инструкцией . Если скотч не нанесен, . Рекомендуем взять в салфетках или .","https://granves-shop.ru/images/photos/medium/shop3930-1.jpg, https://granves-shop.ru/images/photos/medium/shop3930-2.jpg, https://granves-shop.ru/images/photos/medium/shop3930-3.jpg",Главная → Шумоизоляция,https://granves-shop.ru/shop/shumoizoljacija/zvukopogloschayuschii-material-bitoplast-a-10-k-0-75h1m-stp.html,,,
"Вибродемпфирующий материал GB 4 (0,75х0,47м.), STP","",Код товара: 00671-09-00,Данный продукт заявлен производителем для установки в штатные места. Вам не придется делать новых отверстий в машине для установки. Чаще всего у таких деталей используется родной крепеж (бывают исключения).,Данный продукт заявлен производителем для установки в штатные места. Вам не придется делать новых отверстий в машине для установки. Чаще всего у таких деталей используется родной крепеж (бывают исключения).,Поставщик заявил следующую комплектность: Лист - 1 шт.,"Данное изделие нужно приклеивать. Ознакомьтесь с нашей инструкцией . Если скотч не нанесен, . Рекомендуем взять в салфетках или .","https://granves-shop.ru/images/photos/medium/shop3934-1.jpg, https://granves-shop.ru/images/photos/medium/shop3934-2.jpg, https://granves-shop.ru/images/photos/medium/shop3934-3.jpg, https://granves-shop.ru/images/photos/medium/shop3934-4.jpg",Главная → Шумоизоляция,https://granves-shop.ru/shop/shumoizoljacija/vibrodempfiruyuschii-material-gb-4-0-75h0-47m-stp.html,,,
"Вибродемпфирующий материал StP Gold 2,3 NEW (0,75х0,47м.)","",Код товара: 05580-02-00,Данный продукт заявлен производителем для установки в штатные места. Вам не придется делать новых отверстий в машине для установки. Чаще всего у таких деталей используется родной крепеж (бывают исключения).,Данный продукт заявлен производителем для установки в штатные места. Вам не придется делать новых отверстий в машине для установки. Чаще всего у таких деталей используется родной крепеж (бывают исключения).,Поставщик заявил следующую комплектность: Лист - 1 шт.,"Данное изделие нужно приклеивать. Ознакомьтесь с нашей инструкцией . Если скотч не нанесен, . Рекомендуем взять в салфетках или .","https://granves-shop.ru/images/photos/medium/shop3936-1.jpg, https://granves-shop.ru/images/photos/medium/shop3936-2.jpg, https://granves-shop.ru/images/photos/medium/shop3936-3.jpg, https://granves-shop.ru/images/photos/medium/shop3936-4.jpg",Главная → Шумоизоляция,https://granves-shop.ru/shop/shumoizoljacija/vibrodempfiruyuschii-material-stp-gold-2-3-new-0-75h0-47m.html,,,
"Валик прикаточный металлический (маленький) 25мм, STP","",Код товара: 00531-00-00,Поставщик заявил следующую комплектность: Валик - 1 шт.,,Поставщик заявил следующую комплектность: Валик - 1 шт.,,"https://granves-shop.ru/images/photos/medium/shop3926-1.jpg, https://granves-shop.ru/images/photos/medium/shop3926-2.jpg",Главная → Шумоизоляция,https://granves-shop.ru/shop/shumoizoljacija/valik-prikatochnyi-metallicheskii-malenkii-30mm-stp.html,,,
Комплект системы холодного впуска от Lada Vesta Sport,"",Код товара: M04VESU00186,Данный продукт заявлен производителем для установки в штатные места. Вам не придется делать новых отверстий в машине для установки. Чаще всего у таких деталей используется родной крепеж (бывают исключения).,Данный продукт заявлен производителем для установки в штатные места. Вам не придется делать новых отверстий в машине для установки. Чаще всего у таких деталей используется родной крепеж (бывают исключения).,"Поставщик заявил следующую комплектность: Воздухозаборник (с сеткой), полукорпус верхний, полукорпус нижний, патрубок, винты для стягивания полукорпусов",,"https://granves-shop.ru/images/photos/medium/shop2260-14.jpg, https://granves-shop.ru/images/photos/medium/shop2260-15.jpg, https://granves-shop.ru/images/photos/medium/shop2260-17.jpg, https://granves-shop.ru/images/photos/medium/shop2260-18.jpg, https://granves-shop.ru/images/photos/medium/shop2260-19.jpg, https://granves-shop.ru/images/photos/medium/shop2260-20.jpg",Главная → Запчасти и тюнинг двигателя,https://granves-shop.ru/shop/dvigatel/komplekt-sistemy-holodnogo-vpuska-ot-lada-vesta-sport.html,"Любая Веста с моторами 21129 и 21179 (1.6 и 1.8), а также Lada Xray (ставится чуть сложнее, но примеров установки хватает).",,
"Выносной ДТВ нового образца (1.5 м) на Лада Веста, Х Рей","",Код товара: DTV15NEW,Данный продукт заявлен производителем для установки в штатные места. Вам не придется делать новых отверстий в машине для установки. Чаще всего у таких деталей используется родной крепеж (бывают исключения).,Данный продукт заявлен производителем для установки в штатные места. Вам не придется делать новых отверстий в машине для установки. Чаще всего у таких деталей используется родной крепеж (бывают исключения).,"Поставщик заявил следующую комплектность: Датчик, хомут пластиковый - 3 шт.",,"https://granves-shop.ru/images/photos/medium/shop2140-25.jpg, https://granves-shop.ru/images/photos/medium/shop2140-26.jpg, https://granves-shop.ru/images/photos/medium/shop2140-27.jpg, https://granves-shop.ru/images/photos/medium/shop2140-28.jpg",Главная → Запчасти и тюнинг двигателя,https://granves-shop.ru/shop/dvigatel/yelektrika/vynosnoi-dtv-na-lada-vesta-h-rei.html,"Лада Веста, Х Рей",,
Воздухозаборник нового образца Лада Веста (с вариатором),"",Код товара: 8450032994,Данный продукт заявлен производителем для установки в штатные места. Вам не придется делать новых отверстий в машине для установки. Чаще всего у таких деталей используется родной крепеж (бывают исключения).,Данный продукт заявлен производителем для установки в штатные места. Вам не придется делать новых отверстий в машине для установки. Чаще всего у таких деталей используется родной крепеж (бывают исключения).,Поставщик заявил следующую комплектность: Воздухозаборник - 1 шт.,,"https://granves-shop.ru/images/photos/medium/shop2549-5.jpg, https://granves-shop.ru/images/photos/medium/shop2549-6.jpg, https://granves-shop.ru/images/photos/medium/shop2549-7.jpg, https://granves-shop.ru/images/photos/medium/shop2549-8.jpg, https://granves-shop.ru/images/photos/medium/shop2549-9.jpg",Главная → Запчасти и тюнинг двигателя,https://granves-shop.ru/shop/dvigatel/vozduhozabornik-novogo-obrazca-lada-vesta-s-variatorom.html," Лада Веста, Лада Веста Кросс
с вариатором",,
Патрубок на воздушный фильтр нового образца Лада Веста,"",Код товара: 8450031942,Данный продукт заявлен производителем для установки в штатные места. Вам не придется делать новых отверстий в машине для установки. Чаще всего у таких деталей используется родной крепеж (бывают исключения).,Данный продукт заявлен производителем для установки в штатные места. Вам не придется делать новых отверстий в машине для установки. Чаще всего у таких деталей используется родной крепеж (бывают исключения).,Поставщик заявил следующую комплектность: Патрубок - 1 шт. (на схеме под номером 4),,"https://granves-shop.ru/images/photos/medium/shop2548-10.jpg, https://granves-shop.ru/images/photos/medium/shop2548-7.jpg, https://granves-shop.ru/images/photos/medium/shop2548-8.jpg, https://granves-shop.ru/images/photos/medium/shop2548-9.jpg",Главная → Запчасти и тюнинг двигателя,https://granves-shop.ru/shop/dvigatel/patrubok-na-vozdushnyi-filtr-novogo-lada-vesta.html, Лада Веста (с вариатором) и с новым образцом воздушного фильтра (с 06.2019г.в),,"Внимание! Срок поставки этой позиции может отличаться от стандартного и составлять до <span style=""color: red"">7</span> рабочих дней<br><font size=""1"">При отстутствии товара на основном складе цена может измениться и подлежит уточнению!</font>"
Резонатор для воздушного фильтра нового образца Лада Веста,"",Код товара: 8450031941,Данный продукт заявлен производителем для установки в штатные места. Вам не придется делать новых отверстий в машине для установки. Чаще всего у таких деталей используется родной крепеж (бывают исключения).,Данный продукт заявлен производителем для установки в штатные места. Вам не придется делать новых отверстий в машине для установки. Чаще всего у таких деталей используется родной крепеж (бывают исключения).,Поставщик заявил следующую комплектность: Резонатор в сборе,,"https://granves-shop.ru/images/photos/medium/shop2522-4.jpg, https://granves-shop.ru/images/photos/medium/shop2522-5.jpg, https://granves-shop.ru/images/photos/medium/shop2522-6.jpg, https://granves-shop.ru/images/photos/medium/shop2522-7.jpg, https://granves-shop.ru/images/photos/medium/shop2522-8.jpg",Главная → Запчасти и тюнинг двигателя,https://granves-shop.ru/shop/dvigatel/rezonator-dlja-vozdushnogo-filtra-novogo-obrazca-lada-vesta.html,"  Лада Веста, Лада Х Рей
с июля 2019 г.в. (нового образца)",,
Новый корпус воздушного фильтра Лада Веста,"",Код товара: 8450031940,Данный продукт заявлен производителем для установки в штатные места. Вам не придется делать новых отверстий в машине для установки. Чаще всего у таких деталей используется родной крепеж (бывают исключения).,Данный продукт заявлен производителем для установки в штатные места. Вам не придется делать новых отверстий в машине для установки. Чаще всего у таких деталей используется родной крепеж (бывают исключения).,Поставщик заявил следующую комплектность: Корпус воздушного фильтра в сборе с фильтром (как на схеме),,"https://granves-shop.ru/images/photos/medium/shop2382-3.jpg, https://granves-shop.ru/images/photos/medium/shop2382-4.jpg, https://granves-shop.ru/images/photos/medium/shop2382-5.jpg, https://granves-shop.ru/images/photos/medium/shop2382-6.jpg, https://granves-shop.ru/images/photos/medium/shop2382-7.jpg",Главная → Запчасти и тюнинг двигателя,https://granves-shop.ru/shop/dvigatel/novyi-korpus-vozdushnogo-filtra-lada-vesta.html," Лада Веста, Лада Х Рей
с июля 2019 г.в. (нового образца)
 ",,
Модуль впуска в сборе 1.8 (ресивер) Лада Веста и Лада Х Рей,"",Код товара: 21177-1008-600-00,Данный продукт заявлен производителем для установки в штатные места. Вам не придется делать новых отверстий в машине для установки. Чаще всего у таких деталей используется родной крепеж (бывают исключения).,Данный продукт заявлен производителем для установки в штатные места. Вам не придется делать новых отверстий в машине для установки. Чаще всего у таких деталей используется родной крепеж (бывают исключения).,Поставщик заявил следующую комплектность: Впуск в сборе,,https://granves-shop.ru/images/photos/medium/shop1926-1.jpg,Главная → Запчасти и тюнинг двигателя,https://granves-shop.ru/shop/dvigatel/modul-vpuska-v-sbore-1-8-resiver-lada-vesta-i-lada-h-rei.html," Лада Веста, Х Рей",,"Внимание! Срок поставки этой позиции может отличаться от стандартного и составлять до <span style=""color: red"">7</span> рабочих дней<br><font size=""1"">При отстутствии товара на основном складе цена может измениться и подлежит уточнению!</font>"
Комплект холодного впуска вариаторной Лада Веста,"",Код товара: M02VSSU00271,Данный продукт заявлен производителем для установки в штатные места. Вам не придется делать новых отверстий в машине для установки. Чаще всего у таких деталей используется родной крепеж (бывают исключения).,Данный продукт заявлен производителем для установки в штатные места. Вам не придется делать новых отверстий в машине для установки. Чаще всего у таких деталей используется родной крепеж (бывают исключения).,"Поставщик заявил следующую комплектность: Воздухозаборник - 1 шт, Патрубок - 1 шт.",,"https://granves-shop.ru/images/photos/medium/shop3559-6.jpg, https://granves-shop.ru/images/photos/medium/shop3559-7.jpg, https://granves-shop.ru/images/photos/medium/shop3559-8.jpg, https://granves-shop.ru/images/photos/medium/shop3559-9.jpg",Главная → Запчасти и тюнинг двигателя,https://granves-shop.ru/shop/dvigatel/komplekt-holodnogo-vpuska-variatornoi-lada-vesta.html, Лада Веста (с вариатором) и с новым образцом воздушного фильтра (с 06.2019г.в),,
Воздухозаборник Лада Веста Sport 8450032837,"",Код товара: 8450032837,"<p><strong>Воздухозаборник Лада Веста Sport 8450032837</strong>&nbsp;<strong>(аналог)</strong></p>
<p>&nbsp;</p>
<p>Артикул:&nbsp; 8450032837</p>
<p>На схеме:&nbsp;Товар изображен под №1</p>
<p>&nbsp;</p>
<p>Воздухозаборник - это <strong>аналог </strong>оригинального воздухозаборника,&nbsp;который поставляется в сборе с сеткой. Продукт хорошего качества.</p>
<p>&nbsp;</p>
<p><span style=""font-size: large;"">Комплектом: </span><a href=""https://granves-shop.ru/shop/dvigatel/komplekt-sistemy-holodnogo-vpuska-ot-lada-vesta-sport.html""><span style=""font-size: large;"">Набор впуска Веста Спорт</span></a><span style=""font-size: large;"">, в которых Вам не придется заморачиваться с поиском элементов отдельно.</span></p>
<p>&nbsp;</p>
<p><strong>Товары которые будут необходимы для сбора полного комплекта фильтра:</strong></p>
<p><a href=""https://granves-shop.ru/shop/sistema-ohlazhdenija/patrubok-soedinitelnyi-vozduhozabornika-lada-vesta-sport-8450032838.html""> Патрубок соединительный воздухозаборника Лада Веста Sport 8450032838</a></p>
<p><a href=""https://granves-shop.ru/shop/tyuning-lada-xray/dvigatel/filtr-vozdushnyi-yelement-lada-vesta-sport-8450032860.html""> Фильтр воздушный (элемент) Лада Веста Sport 8450032860</a></p>
<p><a href=""https://granves-shop.ru/shop/dvigatel/filtr-vozdushnyi-filtron-lada-vesta-sport-analog-8450032860.html""> Фильтр воздушный FILTRON Лада Веста Sport аналог (8450032860)</a></p>
<p><a href=""https://granves-shop.ru/shop/dvigatel/polukorpus-vozdushnogo-filtra-verhnii-vesta-sport-8450032859.html"">  Полукорпус воздушного фильтра верхний Vesta Sport 8450032859</a></p>
<p><a href=""https://granves-shop.ru/shop/tyuning-lada-xray/dvigatel/polukorpus-vozdushnogo-filtra-nizhnii-lada-vesta-sport-8450032858.html""> Полукорпус воздушного фильтра нижний Лада Веста Sport 8450032858 </a></p>
<p>&nbsp;</p>
<p><strong><a href=""http://club-vesta.ru/oborudovanie/samostoyatelnaya-ustanovka-bolshogo-vozdushnogo-filtra-na-lada-vesta"">САМОСТОЯТЕЛЬНАЯ УСТАНОВКА БОЛЬШОГО ВОЗДУШНОГО ФИЛЬТРА НА ЛАДА ВЕСТА</a></strong></p>",,,,"https://granves-shop.ru/images/photos/medium/shop1893-1.jpg, https://granves-shop.ru/images/photos/medium/shop1893-2.jpg",Главная → Запчасти и тюнинг двигателя,https://granves-shop.ru/shop/dvigatel/vozduhozabornik-lada-vesta-sport-8450032837.html, Лада Веста Sport,,
"Клапан адсорбера для Лада Веста, Х Рей","",Код товара: 8200248821,Данный продукт заявлен производителем для установки в штатные места. Вам не придется делать новых отверстий в машине для установки. Чаще всего у таких деталей используется родной крепеж (бывают исключения).,Данный продукт заявлен производителем для установки в штатные места. Вам не придется делать новых отверстий в машине для установки. Чаще всего у таких деталей используется родной крепеж (бывают исключения).,Поставщик заявил следующую комплектность: Адсорбер в сборе - 1 шт.,,"https://granves-shop.ru/images/photos/medium/shop1491-5.jpg, https://granves-shop.ru/images/photos/medium/shop1491-6.jpg, https://granves-shop.ru/images/photos/medium/shop1491-7.jpg",Главная → Запчасти и тюнинг двигателя,https://granves-shop.ru/shop/dvigatel/klapan-absorbera-dlja-lada-vesta-h-rei.html,"Лада Веста, Х Рей",,"Внимание! Срок поставки этой позиции может отличаться от стандартного и составлять до <span style=""color: red"">7</span> рабочих дней<br><font size=""1"">При отстутствии товара на основном складе цена может измениться и подлежит уточнению!</font>"
Шланг впускной трубы Веста Sport 8450032835,"",Код товара: 8450032835,"<p><span style=""font-size: x-large;"">Ребята,&nbsp;появились </span><a href=""https://granves-shop.ru/shop/dvigatel/komplekt-sistemy-holodnogo-vpuska-ot-lada-vesta-sport.html""><span style=""font-size: x-large;"">комплекты холодного впуска Лада Веста Спорт</span></a><span style=""font-size: x-large;"">, в которых Вам не придется заморачиваться с поиском элементов отдельно.</span></p>
<p>Шланг впускной трубы Веста Sport</p>
<p>Арт. 8450032835</p>
<p><span style=""font-family: -apple-system, BlinkMacSystemFont, Roboto, &quot;Helvetica Neue&quot;, sans-serif; font-size: 13px;"">Товар изображен на схеме под №1</span></p>
<p>&nbsp;</p>
<p><strong>Товары которые будут необходимы для сбора полного комплекта фильтра:</strong></p>
<p><a href=""https://granves-shop.ru/shop/sistema-ohlazhdenija/vozduhozabornik-lada-vesta-sport-8450032837.html""> Воздухозаборник Лада Веста Sport 8450032837</a></p>
<p><a href=""https://granves-shop.ru/shop/sistema-ohlazhdenija/patrubok-soedinitelnyi-vozduhozabornika-lada-vesta-sport-8450032838.html""> Патрубок соединительный воздухозаборника Лада Веста Sport 8450032838</a></p>
<p><a href=""https://granves-shop.ru/shop/tyuning-lada-xray/dvigatel/filtr-vozdushnyi-yelement-lada-vesta-sport-8450032860.html""> Фильтр воздушный (элемент) Лада Веста Sport 8450032860</a></p>
<p><a href=""https://granves-shop.ru/shop/dvigatel/filtr-vozdushnyi-filtron-lada-vesta-sport-analog-8450032860.html""> Фильтр воздушный FILTRON Лада Веста Sport аналог (8450032860)</a></p>
<p><a href=""https://granves-shop.ru/shop/dvigatel/polukorpus-vozdushnogo-filtra-verhnii-vesta-sport-8450032859.html"">  Полукорпус воздушного фильтра верхний Vesta Sport 8450032859</a></p>
<p>&nbsp;</p>
<p>&nbsp;</p>
<p><strong><a href=""http://club-vesta.ru/oborudovanie/samostoyatelnaya-ustanovka-bolshogo-vozdushnogo-filtra-na-lada-vesta"">САМОСТОЯТЕЛЬНАЯ УСТАНОВКА БОЛЬШОГО ВОЗДУШНОГО ФИЛЬТРА НА ЛАДА ВЕСТА</a></strong></p>",,,,https://granves-shop.ru/images/photos/medium/shop1888-1.jpg,Главная → Запчасти и тюнинг двигателя,https://granves-shop.ru/shop/dvigatel/shlang-vpusknoi-truby-vesta-sport-8450032835.html, Веста Sport,,
Комплект системы холодного впуска Lada Vesta Sport (Эконом) Сызрань,"",Код товара: M04VESU00149,Данный продукт заявлен производителем для установки в штатные места. Вам не придется делать новых отверстий в машине для установки. Чаще всего у таких деталей используется родной крепеж (бывают исключения).,Данный продукт заявлен производителем для установки в штатные места. Вам не придется делать новых отверстий в машине для установки. Чаще всего у таких деталей используется родной крепеж (бывают исключения).,"Поставщик заявил следующую комплектность: Воздухозаборник (с сеткой), полукорпус верхний, полукорпус нижний, патрубок, винты для стягивания полукорпусов",,"https://granves-shop.ru/images/photos/medium/shop3213-1.jpg, https://granves-shop.ru/images/photos/medium/shop3213-2.jpg, https://granves-shop.ru/images/photos/medium/shop3213-3.jpg, https://granves-shop.ru/images/photos/medium/shop3213-4.jpg",Главная → Запчасти и тюнинг двигателя,https://granves-shop.ru/shop/dvigatel/komplekt-sistemy-holodnogo-vpuska-lada-vesta-sport-yekonom-syzran.html,"Любая Веста с моторами 21129 и 21179 (1.6 и 1.8), а также Lada Xray (ставится чуть сложнее, но примеров установки хватает).",,
Полукорпус воздушного фильтра верхний Vesta Sport 8450032859,"",Код товара: 8450032859,"<p>Полукорпус воздушного фильтра верхний Vesta Sport <strong>(АНАЛОГ производства Сызрань)</strong></p>
<p>&nbsp;</p>
<p>Артикул:&nbsp; 8450032859</p>
<p>&nbsp;</p>
<p>Полукорпус верхний в нашем ассортименте представлен не оригинальный, а <strong>АНАЛОГ </strong>заводскому,  т.к оригинальные детали от АвтоВАЗ&nbsp;не поставляются уже долгое время.  Данный полукорпус изготавливался полностью копией по оригинальному  полукорпусу с Весты Спорт.</p>
<p>Подойдет на любую модель Лада Веста, в том числе и с двигателем 1.6.</p>
<p>&nbsp;&nbsp;</p>
<p><strong>Товары которые будут необходимы для сбора полного комплекта фильтра:</strong></p>
<p><a href=""https://granves-shop.ru/shop/tyuning-lada-xray/dvigatel/polukorpus-vozdushnogo-filtra-nizhnii-lada-vesta-sport-8450032858.html"">&nbsp;Полукорпус воздушного фильтра нижний Лада Веста Sport 8450032858</a></p>
<p><a href=""https://granves-shop.ru/shop/sistema-ohlazhdenija/vozduhozabornik-lada-vesta-sport-8450032837.html""> Воздухозаборник Лада Веста Sport 8450032837</a></p>
<p><a href=""https://granves-shop.ru/shop/dvigatel/komplekt-dlja-podklyuchenija-holodnogo-vpuska-lada-vesta.html"">Комплект для подключения холодного впуска Лада Веста</a>&nbsp;- в комплекте патрубок, шланг, болты</p>
<p><a href=""https://granves-shop.ru/shop/tyuning-lada-xray/dvigatel/filtr-vozdushnyi-yelement-lada-vesta-sport-8450032860.html""> Фильтр воздушный (элемент) Лада Веста Sport 8450032860</a>&nbsp;или&nbsp;<a href=""https://granves-shop.ru/shop/dvigatel/filtr-vozdushnyi-filtron-lada-vesta-sport-analog-8450032860.html""> Фильтр воздушный FILTRON Лада Веста Sport аналог (8450032860)</a></p>
<p><br>
<span style=""font-size: medium;"">Так же в нашем ассортименте есть&nbsp;</span><a href=""https://granves-shop.ru/shop/dvigatel/komplekt-sistemy-holodnogo-vpuska-ot-lada-vesta-sport.html""><span style=""font-size: medium;"">системы холодного впуска Лада Веста Спорт</span></a><span style=""font-size: medium;"">, в которых Вам не придется заморачиваться с поиском элементов отдельно. </span><br>
&nbsp;</p>
<p>&nbsp;</p>
<p>К данному корпусу подойдет <a href=""https://granves-shop.ru/shop/dvigatel/ramka-dlja-fiksacii-filtra-v-syzranskom-holodnom-vpuske-yekonom.html"">Рамка для фиксации фильтра в Сызранском холодном впуске</a> для предотвращения подсоса воздуха.</p>
<p>&nbsp;</p>
<p>&nbsp;</p>
<p><strong><a href=""http://club-vesta.ru/oborudovanie/samostoyatelnaya-ustanovka-bolshogo-vozdushnogo-filtra-na-lada-vesta"">САМОСТОЯТЕЛЬНАЯ УСТАНОВКА БОЛЬШОГО ВОЗДУШНОГО ФИЛЬТРА НА ЛАДА ВЕСТА</a></strong></p>
<h3>Видео обзор</h3>
<p><iframe src=""https://www.youtube.com/embed/KV1grytLRLo"" allow=""accelerometer; autoplay; encrypted-media; gyroscope; picture-in-picture"" allowfullscreen="""" width=""560"" height=""315"" frameborder=""0""></iframe></p>",,,,https://granves-shop.ru/images/photos/medium/shop1999-1.jpg,Главная → Запчасти и тюнинг двигателя,https://granves-shop.ru/shop/dvigatel/polukorpus-vozdushnogo-filtra-verhnii-vesta-sport-8450032859.html,Лада Веста Sport,,
Полукорпус воздушного фильтра нижний Лада Веста Sport 8450032858,"",Код товара: 8450032858,"<p>Полукорпус воздушного фильтра нижний Лада Веста Sport&nbsp; 8450032858 <strong>(АНАЛОГ производства Сызрань)</strong></p>
<p>&nbsp;</p>
<p>Артикул:&nbsp; 8450032858&nbsp;</p>
<p>На схеме: Товар изображен под №3</p>
<p>&nbsp;</p>
<p>Полукорпус нижний в нашем ассортименте представлен не оригинальный, а <strong>АНАЛОГ </strong>заводскому, т.к оригинальные детали от АвтоВАЗ&nbsp;не поставляются уже долгое время. Данный полукорпус изготавливался полностью копией по оригинальному полукорпусу с Весты Спорт.</p>
<p>Подойдет на любую модель Лада Веста, в том числе и с двигателем 1.6.</p>
<p>&nbsp;</p>
<p><strong>Товары которые будут необходимы для сбора полного комплекта фильтра:</strong></p>
<p>&nbsp;</p>
<p><a href=""https://granves-shop.ru/shop/dvigatel/komplekt-dlja-podklyuchenija-holodnogo-vpuska-lada-vesta.html"" style=""margin: 0px; border: 0px; outline: 0px; background: transparent; color: rgb(74, 192, 91); font-family: Arial, &quot;Liberation Sans&quot;, FreeSans, sans-serif; text-indent: 20px;"">Комплект для подключения холодного впуска Лада Веста</a><span style=""color: rgb(68, 68, 68); font-family: Arial, &quot;Liberation Sans&quot;, FreeSans, sans-serif; text-indent: 20px;"">&nbsp;- в комплекте патрубок, шланг, болты</span></p>
<p><a href=""https://granves-shop.ru/shop/tyuning-lada-xray/dvigatel/filtr-vozdushnyi-yelement-lada-vesta-sport-8450032860.html""> Фильтр воздушный (элемент) Лада Веста Sport 8450032860</a>&nbsp;или&nbsp;<a href=""https://granves-shop.ru/shop/dvigatel/filtr-vozdushnyi-filtron-lada-vesta-sport-analog-8450032860.html"">Фильтр воздушный FILTRON Лада Веста Sport аналог (8450032860)</a></p>
<p><a href=""https://granves-shop.ru/shop/dvigatel/polukorpus-vozdushnogo-filtra-verhnii-vesta-sport-8450032859.html"">  Полукорпус воздушного фильтра верхний Vesta Sport 8450032859</a></p>
<p><a href=""https://granves-shop.ru/shop/sistema-ohlazhdenija/vozduhozabornik-lada-vesta-sport-8450032837.html"">Воздухозаборник Лада Веста Sport 8450032837</a><span style=""color: rgb(68, 68, 68); font-family: Arial, &quot;Liberation Sans&quot;, FreeSans, sans-serif; text-indent: 20px;""><br>
</span></p>
<p>&nbsp;</p>
<p><span style=""margin: 0px; border: 0px; outline: 0px; font-size: medium; background: transparent; color: rgb(68, 68, 68); font-family: Arial, &quot;Liberation Sans&quot;, FreeSans, sans-serif; text-indent: 20px;"">Так же в нашем ассортименте есть&nbsp;</span><a href=""https://granves-shop.ru/shop/dvigatel/komplekt-sistemy-holodnogo-vpuska-ot-lada-vesta-sport.html"" style=""margin: 0px; border: 0px; outline: 0px; background: transparent; color: rgb(74, 192, 91); font-family: Arial, &quot;Liberation Sans&quot;, FreeSans, sans-serif; text-indent: 20px;""><span style=""margin: 0px; border: 0px; outline: 0px; font-size: medium; background: transparent;"">системы холодного впуска Лада Веста Спорт</span></a><span style=""margin: 0px; border: 0px; outline: 0px; font-size: medium; background: transparent; color: rgb(68, 68, 68); font-family: Arial, &quot;Liberation Sans&quot;, FreeSans, sans-serif; text-indent: 20px;"">, в которых Вам не придется заморачиваться с поиском элементов отдельно.<br>
</span></p>
<p>&nbsp;</p>
<p><strong><a href=""http://club-vesta.ru/oborudovanie/samostoyatelnaya-ustanovka-bolshogo-vozdushnogo-filtra-na-lada-vesta"">САМОСТОЯТЕЛЬНАЯ УСТАНОВКА БОЛЬШОГО ВОЗДУШНОГО ФИЛЬТРА НА ЛАДА ВЕСТА</a></strong></p>
<p>&nbsp;</p>
<h3>Видео обзор</h3>
<p><iframe src=""https://www.youtube.com/embed/KV1grytLRLo"" allow=""accelerometer; autoplay; encrypted-media; gyroscope; picture-in-picture"" allowfullscreen="""" width=""560"" height=""315"" frameborder=""0""></iframe></p>",,,,https://granves-shop.ru/images/photos/medium/shop1894-1.jpg,Главная → Запчасти и тюнинг двигателя,https://granves-shop.ru/shop/dvigatel/polukorpus-vozdushnogo-filtra-nizhnii-lada-vesta-sport-8450032858.html, Лада Веста Sport,,
"Дроссельная заслонка E-GAS для Лада Веста, Х Рей, Гранта с дв. ВАЗ 21127, 21129, 21179","",Код товара: 21127114801010,Данный продукт заявлен производителем для установки в штатные места. Вам не придется делать новых отверстий в машине для установки. Чаще всего у таких деталей используется родной крепеж (бывают исключения).,Данный продукт заявлен производителем для установки в штатные места. Вам не придется делать новых отверстий в машине для установки. Чаще всего у таких деталей используется родной крепеж (бывают исключения).,Поставщик заявил следующую комплектность: Дроссель - 1 шт.,,"https://granves-shop.ru/images/photos/medium/shop3681-1.jpg, https://granves-shop.ru/images/photos/medium/shop3681-2.jpg, https://granves-shop.ru/images/photos/medium/shop3681-3.jpg",Главная → Запчасти и тюнинг двигателя,https://granves-shop.ru/shop/dvigatel/drosselnaja-zaslonka-e-gas-dlja-lada-vesta-h-rei-granta-s-dv-vaz-21127-21129-21179.html,"Лада Веста (21129, 21179), Лада Х Рей (21129, 21179), Лада Гранта / Гранта FL (21127)",,"Внимание! Срок поставки этой позиции может отличаться от стандартного и составлять до <span style=""color: red"">7</span> рабочих дней<br><font size=""1"">При отстутствии товара на основном складе цена может измениться и подлежит уточнению!</font>"
Резонатор воздушного фильтра Лада Веста 8450030099,"",Код товара: 8450030099,Данный продукт заявлен производителем для установки в штатные места. Вам не придется делать новых отверстий в машине для установки. Чаще всего у таких деталей используется родной крепеж (бывают исключения).,Данный продукт заявлен производителем для установки в штатные места. Вам не придется делать новых отверстий в машине для установки. Чаще всего у таких деталей используется родной крепеж (бывают исключения).,Поставщик заявил следующую комплектность: 1 резонатор,,"https://granves-shop.ru/images/photos/medium/shop1591-1.jpg, https://granves-shop.ru/images/photos/medium/shop1591-2.jpg, https://granves-shop.ru/images/photos/medium/shop1591-3.jpg, https://granves-shop.ru/images/photos/medium/shop1591-4.jpg",Главная → Запчасти и тюнинг двигателя,https://granves-shop.ru/shop/dvigatel/rezonator-vozdushnogo-filtra-lada-vesta-8450030099.html,Лада Веста,,"Внимание! Срок поставки этой позиции может отличаться от стандартного и составлять до <span style=""color: red"">7</span> рабочих дней<br><font size=""1"">При отстутствии товара на основном складе цена может измениться и подлежит уточнению!</font>"
Воздухозаборник воздушного фильтра Лада Веста,"",Код товара: 8450006378,"<p>Воздухозаборник воздушного фильтра Лада Веста</p>
<p>Арт. 8450006378</p>
<p>Это оригинальная деталь, которая устанавливается на заводе на автомобилях Лада Веста.</p>
<p>На схеме под номером 2.</p>
<p>&nbsp;</p>
<p>Этот товар приобретают с:</p>
<p><a href=""https://granves-shop.ru/shop/dvigatel/rezonator-vozdushnogo-filtra-lada-vesta-8450030099.html"">Резонатор воздушного фильтра Лада Веста  Арт. 8450030099</a></p>",,,,https://granves-shop.ru/images/photos/medium/shop1597-1.jpg,Главная → Запчасти и тюнинг двигателя,https://granves-shop.ru/shop/dvigatel/vozduhozabornik-vozdushnogo-filtra-lada-vesta.html,Лада Веста,,"Внимание! Срок поставки этой позиции может отличаться от стандартного и составлять до <span style=""color: red"">7</span> рабочих дней<br><font size=""1"">При отстутствии товара на основном складе цена может измениться и подлежит уточнению!</font>"
"Крышка заливной горловины масла ВАЗ, Лада Веста, Х Рей 11190100914611","",Код товара: 11190100914611,Данный продукт заявлен производителем для установки в штатные места. Вам не придется делать новых отверстий в машине для установки. Чаще всего у таких деталей используется родной крепеж (бывают исключения).,Данный продукт заявлен производителем для установки в штатные места. Вам не придется делать новых отверстий в машине для установки. Чаще всего у таких деталей используется родной крепеж (бывают исключения).,Поставщик заявил следующую комплектность: 1 крышка с уплотнительным кольцом,,"https://granves-shop.ru/images/photos/medium/shop1540-2.jpg, https://granves-shop.ru/images/photos/medium/shop1540-3.jpg",Главная → Запчасти и тюнинг двигателя,https://granves-shop.ru/shop/dvigatel/kryshka-zalivnoi-gorloviny-masla-vaz-lada-vesta-h-rei-11190100914611.html,"Лада Веста (все модели), Лада Гранта, Лада Х Рей (с двигателем ВАЗ)",,"Внимание! Срок поставки этой позиции может отличаться от стандартного и составлять до <span style=""color: red"">9</span> рабочих дней<br><font size=""1"">При отстутствии товара на основном складе цена может измениться и подлежит уточнению!</font>"
Прижимная пластина для фильтра в холодном впуске Эконом,"",Код товара: M01VEEK00123,Данный продукт заявлен производителем для установки в штатные места. Вам не придется делать новых отверстий в машине для установки. Чаще всего у таких деталей используется родной крепеж (бывают исключения).,Данный продукт заявлен производителем для установки в штатные места. Вам не придется делать новых отверстий в машине для установки. Чаще всего у таких деталей используется родной крепеж (бывают исключения).,Поставщик заявил следующую комплектность: Пластина - 1 шт,,"https://granves-shop.ru/images/photos/medium/shop3306-4.jpg, https://granves-shop.ru/images/photos/medium/shop3306-5.jpg, https://granves-shop.ru/images/photos/medium/shop3306-6.jpg, https://granves-shop.ru/images/photos/medium/shop3306-7.jpg",Главная → Запчасти и тюнинг двигателя,https://granves-shop.ru/shop/dvigatel/prizhimnaja-plastina-dlja-filtra-v-holodnom-vpuske-yekonom.html,Лада Веста Спорт / Vesta Sport,,
Патрубок соединительный воздухозаборника Лада Веста Sport 8450032838,"",Код товара: 8450032838,"<p><span style=""font-size: x-large;"">Снова в продаже: </span><a href=""https://granves-shop.ru/shop/dvigatel/komplekt-sistemy-holodnogo-vpuska-ot-lada-vesta-sport.html""><span style=""font-size: x-large;"">системы холодного впуска Лада Веста Спорт</span></a><span style=""font-size: x-large;"">, включающие в себя все элементы.</span></p>
<p>Патрубок соединительный воздухозаборника Лада Веста Sport</p>
<p>&nbsp;</p>
<p>Арт. 8450032838</p>
<p>&nbsp;</p>
<p><strong>Товары которые будут необходимы для сбора полного комплекта фильтра:</strong></p>
<p><a href=""https://granves-shop.ru/shop/tyuning-lada-xray/dvigatel/polukorpus-vozdushnogo-filtra-nizhnii-lada-vesta-sport-8450032858.html"">&nbsp;Полукорпус воздушного фильтра нижний Лада Веста Sport 8450032858</a></p>
<p><a href=""https://granves-shop.ru/shop/sistema-ohlazhdenija/vozduhozabornik-lada-vesta-sport-8450032837.html""> Воздухозаборник Лада Веста Sport 8450032837</a></p>
<p><a href=""https://granves-shop.ru/shop/tyuning-lada-xray/dvigatel/filtr-vozdushnyi-yelement-lada-vesta-sport-8450032860.html""> Фильтр воздушный (элемент) Лада Веста Sport 8450032860</a></p>
<p><a href=""https://granves-shop.ru/shop/dvigatel/filtr-vozdushnyi-filtron-lada-vesta-sport-analog-8450032860.html""> Фильтр воздушный FILTRON Лада Веста Sport аналог (8450032860)</a></p>
<p><a href=""https://granves-shop.ru/shop/dvigatel/polukorpus-vozdushnogo-filtra-verhnii-vesta-sport-8450032859.html""> Полукорпус воздушного фильтра верхний Vesta Sport 8450032859</a></p>",,,,https://granves-shop.ru/images/photos/medium/shop2031-1.jpg,Главная → Запчасти и тюнинг двигателя,https://granves-shop.ru/shop/dvigatel/patrubok-soedinitelnyi-vozduhozabornika-lada-vesta-sport-8450032838.html,Лада Веста Sport,,
"Шланг впускной трубы в сборе Лада Х Рей, Веста, АНАЛОГ","",Код товара: 8450020039A,"<p>Шланг впускной трубы в сборе Лада Х Рей, Веста,&nbsp;<strong>АНАЛОГ</strong></p>
<p>&nbsp;</p>
<p>Артикул:&nbsp;8450020039A</p>
<p>Материал: Резина</p>
<p>На схеме под номером 1.&nbsp;</p>
<p>&nbsp;</p>
<p>На странице товара представлен <strong>АНАЛОГ </strong>оригинального шланга. В связи с высокой стоимостью оригинальной продукции, можно установить более дешевый продукт с таким же качеством.</p>",,,,https://granves-shop.ru/images/photos/medium/shop1299-1.jpg,Главная → Запчасти и тюнинг двигателя,https://granves-shop.ru/shop/dvigatel/8450020039-patrubok.html," Лада Х Рей, Лада Веста",,
Комплект для подключения холодного впуска Лада Веста,"",Код товара: M08VSSP10120,Данный продукт заявлен производителем для установки в штатные места. Вам не придется делать новых отверстий в машине для установки. Чаще всего у таких деталей используется родной крепеж (бывают исключения).,Данный продукт заявлен производителем для установки в штатные места. Вам не придется делать новых отверстий в машине для установки. Чаще всего у таких деталей используется родной крепеж (бывают исключения).,"Поставщик заявил следующую комплектность: Шланг (гофра) впускной трубы (аналог 8450032835), Патрубок соединительный для воздухозаборника (аналог 8450032838), Болт м6х30 - 6шт (аналог 7703008226)",,"https://granves-shop.ru/images/photos/medium/shop2402-4.jpg, https://granves-shop.ru/images/photos/medium/shop2402-5.jpg, https://granves-shop.ru/images/photos/medium/shop2402-6.jpg",Главная → Запчасти и тюнинг двигателя,https://granves-shop.ru/shop/dvigatel/komplekt-dlja-podklyuchenija-holodnogo-vpuska-lada-vesta.html," Лада Веста Sport, возможна установка и на другие модели Лада Веста.",,
"Втулка крышки двигателя красная силиконовая Лада Веста, Х-Рей, A-Sport","",Код товара: 2180-1042018-кр,Данный продукт заявлен производителем для установки в штатные места. Вам не придется делать новых отверстий в машине для установки. Чаще всего у таких деталей используется родной крепеж (бывают исключения).,Данный продукт заявлен производителем для установки в штатные места. Вам не придется делать новых отверстий в машине для установки. Чаще всего у таких деталей используется родной крепеж (бывают исключения).,Поставщик заявил следующую комплектность: Втулка - 1 шт.,,"https://granves-shop.ru/images/photos/medium/shop4582-2.jpg, https://granves-shop.ru/images/photos/medium/shop4582-3.jpg, https://granves-shop.ru/images/photos/medium/shop4582-4.jpg, https://granves-shop.ru/images/photos/medium/shop4582-5.jpg",Главная → Запчасти и тюнинг двигателя,https://granves-shop.ru/shop/dvigatel/vtulka-kryshki-dvigatelja-krasnaja-silikonovaja-lada-vesta-h-rei-a-sport.html,"Лада Веста, Х Рей (21129, 21179)",,
Подшипник кондиционера Лада Веста,"",Код товара: 35BD219,Данный продукт заявлен производителем для установки в штатные места. Вам не придется делать новых отверстий в машине для установки. Чаще всего у таких деталей используется родной крепеж (бывают исключения).,Данный продукт заявлен производителем для установки в штатные места. Вам не придется делать новых отверстий в машине для установки. Чаще всего у таких деталей используется родной крепеж (бывают исключения).,Поставщик заявил следующую комплектность: Подшипник - 1 шт.,,https://granves-shop.ru/images/photos/medium/shop2851-3.jpg,Главная → Запчасти и тюнинг двигателя,https://granves-shop.ru/shop/dvigatel/podshipnik-kondicionera-lada-vesta.html,Лада Веста (все модели),,"Внимание! Срок поставки этой позиции может отличаться от стандартного и составлять до <span style=""color: red"">7</span> рабочих дней<br><font size=""1"">При отстутствии товара на основном складе цена может измениться и подлежит уточнению!</font>"
"Поддон картера для Лада Веста, Х Рей, Гранта с АКПП","",Код товара: 21902100901500,Данный продукт заявлен производителем для установки в штатные места. Вам не придется делать новых отверстий в машине для установки. Чаще всего у таких деталей используется родной крепеж (бывают исключения).,Данный продукт заявлен производителем для установки в штатные места. Вам не придется делать новых отверстий в машине для установки. Чаще всего у таких деталей используется родной крепеж (бывают исключения).,Поставщик заявил следующую комплектность: Поддон - 1 шт.,,"https://granves-shop.ru/images/photos/medium/shop2932-1.jpg, https://granves-shop.ru/images/photos/medium/shop2932-2.jpg, https://granves-shop.ru/images/photos/medium/shop2932-3.jpg",Главная → Запчасти и тюнинг двигателя,https://granves-shop.ru/shop/dvigatel/poddon-kartera-dlja-lada-vesta-h-rei-granta-s-akpp.html," Lada Vesta, Lada X-Ray, Lada Granta, Lada Kalina 2, Dutsun для двиг. с АКПП",,"Внимание! Срок поставки этой позиции может отличаться от стандартного и составлять до <span style=""color: red"">7</span> рабочих дней<br><font size=""1"">При отстутствии товара на основном складе цена может измениться и подлежит уточнению!</font>"
Трубка ресивера силиконовая для Лада Веста,"",Код товара: 2101-3706605сбR,Данный продукт заявлен производителем для установки в штатные места. Вам не придется делать новых отверстий в машине для установки. Чаще всего у таких деталей используется родной крепеж (бывают исключения).,Данный продукт заявлен производителем для установки в штатные места. Вам не придется делать новых отверстий в машине для установки. Чаще всего у таких деталей используется родной крепеж (бывают исключения).,Поставщик заявил следующую комплектность: Шланг - 1 шт.,,"https://granves-shop.ru/images/photos/medium/shop3246-4.jpg, https://granves-shop.ru/images/photos/medium/shop3246-5.jpg",Главная → Запчасти и тюнинг двигателя,https://granves-shop.ru/shop/dvigatel/trubka-resivera-silikonovaja-dlja-lada-vesta.html,Лада Веста (все модели),,"Внимание! Срок поставки этой позиции может отличаться от стандартного и составлять до <span style=""color: red"">7</span> рабочих дней<br><font size=""1"">При отстутствии товара на основном складе цена может измениться и подлежит уточнению!</font>"
Корпус монтажного блока моторного отсека Лада Веста,"",Код товара: 243809584R,Данный продукт заявлен производителем для установки в штатные места. Вам не придется делать новых отверстий в машине для установки. Чаще всего у таких деталей используется родной крепеж (бывают исключения).,Данный продукт заявлен производителем для установки в штатные места. Вам не придется делать новых отверстий в машине для установки. Чаще всего у таких деталей используется родной крепеж (бывают исключения).,Поставщик заявил следующую комплектность: Корпус монтажного блока - 1 шт.,,"https://granves-shop.ru/images/photos/medium/shop2456-1.jpg, https://granves-shop.ru/images/photos/medium/shop2456-2.jpg",Главная → Запчасти и тюнинг двигателя,https://granves-shop.ru/shop/dvigatel/korpus-montazhnogo-bloka-motornogo-otseka-lada-vesta.html, Лада Веста (все модели),,"Внимание! Срок поставки этой позиции может отличаться от стандартного и составлять до <span style=""color: red"">7</span> рабочих дней<br><font size=""1"">При отстутствии товара на основном складе цена может измениться и подлежит уточнению!</font>"
"Крышка ГРМ для 16 кл ВАЗ (11194, 21124, 21126, 21127)","",Код товара: 21124-1006226-00,Данный продукт заявлен производителем для установки в штатные места. Вам не придется делать новых отверстий в машине для установки. Чаще всего у таких деталей используется родной крепеж (бывают исключения).,Данный продукт заявлен производителем для установки в штатные места. Вам не придется делать новых отверстий в машине для установки. Чаще всего у таких деталей используется родной крепеж (бывают исключения).,Поставщик заявил следующую комплектность: Крышка верхняя - 1 шт.,,https://granves-shop.ru/images/photos/medium/shop3307-4.jpg,Главная → Запчасти и тюнинг двигателя,https://granves-shop.ru/shop/dvigatel/prozrachnaja-kryshka-grm-dlja-16-kl-vaz-11194-21124-21126-21127.html,"для двигателей 1194, 21124, 21126, 21127
Лада Гранта, Гранта FL, Приора, Калина",,"Внимание! Срок поставки этой позиции может отличаться от стандартного и составлять до <span style=""color: red"">7</span> рабочих дней<br><font size=""1"">При отстутствии товара на основном складе цена может измениться и подлежит уточнению!</font>"
Рамка для фиксации фильтра в Сызранском холодном впуске эконом,"",Код товара: M01VESZ00149,Данный продукт заявлен производителем для установки в штатные места. Вам не придется делать новых отверстий в машине для установки. Чаще всего у таких деталей используется родной крепеж (бывают исключения).,Данный продукт заявлен производителем для установки в штатные места. Вам не придется делать новых отверстий в машине для установки. Чаще всего у таких деталей используется родной крепеж (бывают исключения).,Поставщик заявил следующую комплектность: Пластина - 1 шт,,"https://granves-shop.ru/images/photos/medium/shop3339-4.jpg, https://granves-shop.ru/images/photos/medium/shop3339-5.jpg, https://granves-shop.ru/images/photos/medium/shop3339-6.jpg, https://granves-shop.ru/images/photos/medium/shop3339-7.jpg",Главная → Запчасти и тюнинг двигателя,https://granves-shop.ru/shop/dvigatel/ramka-dlja-fiksacii-filtra-v-syzranskom-holodnom-vpuske-yekonom.html,Лада Веста Спорт / Vesta Sport,,
"Хомут для сборки холодного впуска Лада Веста Спорт, оригинал","",Код товара: 21120114808001,Данный продукт заявлен производителем для установки в штатные места. Вам не придется делать новых отверстий в машине для установки. Чаще всего у таких деталей используется родной крепеж (бывают исключения).,Данный продукт заявлен производителем для установки в штатные места. Вам не придется делать новых отверстий в машине для установки. Чаще всего у таких деталей используется родной крепеж (бывают исключения).,Поставщик заявил следующую комплектность: Хомут - 1 шт,,"https://granves-shop.ru/images/photos/medium/shop2525-3.jpg, https://granves-shop.ru/images/photos/medium/shop2525-4.jpg, https://granves-shop.ru/images/photos/medium/shop2525-5.jpg",Главная → Запчасти и тюнинг двигателя,https://granves-shop.ru/shop/dvigatel/https-granves-shop-ru-shop-dvigatel-homut-dlja-sborki-holodnogo-vpuska-lada-vesta-sport-html.html, Лада Веста Спорт / Lada Vesta Sport,,"Внимание! Срок поставки этой позиции может отличаться от стандартного и составлять до <span style=""color: red"">10</span> рабочих дней<br><font size=""1"">При отстутствии товара на основном складе цена может измениться и подлежит уточнению!</font>"
"Насос масляный для Лада Веста, X-Ray с ДВС 21129, Калина, Приора, оригинал","",Код товара: 21120-1011010-01,Данный продукт заявлен производителем для установки в штатные места. Вам не придется делать новых отверстий в машине для установки. Чаще всего у таких деталей используется родной крепеж (бывают исключения).,Данный продукт заявлен производителем для установки в штатные места. Вам не придется делать новых отверстий в машине для установки. Чаще всего у таких деталей используется родной крепеж (бывают исключения).,Поставщик заявил следующую комплектность: Насос масляный - 1 шт.,,"https://granves-shop.ru/images/photos/medium/shop4207-1.jpg, https://granves-shop.ru/images/photos/medium/shop4207-2.jpg, https://granves-shop.ru/images/photos/medium/shop4207-3.jpg",Главная → Запчасти и тюнинг двигателя,https://granves-shop.ru/shop/dvigatel/nasos-masljanyi-dlja-lada-vesta-x-ray-s-dvs-21129-original.html,"Лада Веста, Х Рей (21129)
Лада Приора / Калина / ВАЗ 2108-2115",,
Крышка блока реле и предохранителей Лада Веста,"",Код товара: 243825499R,Данный продукт заявлен производителем для установки в штатные места. Вам не придется делать новых отверстий в машине для установки. Чаще всего у таких деталей используется родной крепеж (бывают исключения).,Данный продукт заявлен производителем для установки в штатные места. Вам не придется делать новых отверстий в машине для установки. Чаще всего у таких деталей используется родной крепеж (бывают исключения).,Поставщик заявил следующую комплектность: Крышка монтажного блока - 1 шт.,,"https://granves-shop.ru/images/photos/medium/shop2455-1.jpg, https://granves-shop.ru/images/photos/medium/shop2455-2.jpg",Главная → Запчасти и тюнинг двигателя,https://granves-shop.ru/shop/dvigatel/kryshka-bloka-rele-i-predohranitelei-lada-vesta.html, Лада Веста (все модели),,
Муфта компрессора кондиционера (Японский подшипник) для Лада Веста,"",Код товара: 13MC0103HDRA,Данный продукт заявлен производителем для установки в штатные места. Вам не придется делать новых отверстий в машине для установки. Чаще всего у таких деталей используется родной крепеж (бывают исключения).,Данный продукт заявлен производителем для установки в штатные места. Вам не придется делать новых отверстий в машине для установки. Чаще всего у таких деталей используется родной крепеж (бывают исключения).,Поставщик заявил следующую комплектность: Муфта в сборе,,https://granves-shop.ru/images/photos/medium/shop3582-1.jpg,Главная → Запчасти и тюнинг двигателя,https://granves-shop.ru/shop/dvigatel/mufta-kompressora-kondicionera-japonskii-podshipnik-dlja-lada-vesta.html,Лада Веста,,"Внимание! Срок поставки этой позиции может отличаться от стандартного и составлять до <span style=""color: red"">7</span> рабочих дней<br><font size=""1"">При отстутствии товара на основном складе цена может измениться и подлежит уточнению!</font>"
"Насос масляный 21176 для Лада Веста, Х Рей 1.8 (21179)","",Код товара: 21176101101002,Данный продукт заявлен производителем для установки в штатные места. Вам не придется делать новых отверстий в машине для установки. Чаще всего у таких деталей используется родной крепеж (бывают исключения).,Данный продукт заявлен производителем для установки в штатные места. Вам не придется делать новых отверстий в машине для установки. Чаще всего у таких деталей используется родной крепеж (бывают исключения).,Поставщик заявил следующую комплектность: Насос в сборе - 1 шт,,"https://granves-shop.ru/images/photos/medium/shop3560-1.jpg, https://granves-shop.ru/images/photos/medium/shop3560-2.jpg",Главная → Запчасти и тюнинг двигателя,https://granves-shop.ru/shop/dvigatel/nasos-masljanyi-21176-dlja-lada-vesta-h-rei-1-8-21179.html,Лада Веста и Лада  Х Рей с двигателем 1.8 (21179),,
Резонатор воздушного фильтра Лада Х Рей дв. ВАЗ,"",Код товара: 8450020040,Данный продукт заявлен производителем для установки в штатные места. Вам не придется делать новых отверстий в машине для установки. Чаще всего у таких деталей используется родной крепеж (бывают исключения).,Данный продукт заявлен производителем для установки в штатные места. Вам не придется делать новых отверстий в машине для установки. Чаще всего у таких деталей используется родной крепеж (бывают исключения).,Поставщик заявил следующую комплектность: Резонатор - 1 шт.,,"https://granves-shop.ru/images/photos/medium/shop2632-5.jpg, https://granves-shop.ru/images/photos/medium/shop2632-6.jpg, https://granves-shop.ru/images/photos/medium/shop2632-7.jpg",Главная → Запчасти и тюнинг двигателя,https://granves-shop.ru/shop/dvigatel/rezonator-vozdushnogo-filtra-lada-h-rei-dv-vaz.html,"Лада  Х  Рей с двигателем ВАЗ (21129, 21179)",,
Вставка монтажного блока моторного отсека Лада Веста,"",Код товара: 243504687R,Данный продукт заявлен производителем для установки в штатные места. Вам не придется делать новых отверстий в машине для установки. Чаще всего у таких деталей используется родной крепеж (бывают исключения).,Данный продукт заявлен производителем для установки в штатные места. Вам не придется делать новых отверстий в машине для установки. Чаще всего у таких деталей используется родной крепеж (бывают исключения).,,,"https://granves-shop.ru/images/photos/medium/shop2454-1.jpg, https://granves-shop.ru/images/photos/medium/shop2454-2.jpg",Главная → Запчасти и тюнинг двигателя,https://granves-shop.ru/shop/dvigatel/vstavka-montazhnogo-bloka-motornogo-otseka-lada-vesta.html, Лада Веста (все модели),,"Внимание! Срок поставки этой позиции может отличаться от стандартного и составлять до <span style=""color: red"">7</span> рабочих дней<br><font size=""1"">При отстутствии товара на основном складе цена может измениться и подлежит уточнению!</font>"
"Шланг вентиляции картера нижний Лада Гранта, Калина-2, Приора, Веста, Х Рей, БРТ","",Код товара: 21121014056P,Данный продукт заявлен производителем для установки в штатные места. Вам не придется делать новых отверстий в машине для установки. Чаще всего у таких деталей используется родной крепеж (бывают исключения).,Данный продукт заявлен производителем для установки в штатные места. Вам не придется делать новых отверстий в машине для установки. Чаще всего у таких деталей используется родной крепеж (бывают исключения).,Поставщик заявил следующую комплектность: Шланг вентиляции картера нижний - 1 шт,,"https://granves-shop.ru/images/photos/medium/shop4661-1.jpg, https://granves-shop.ru/images/photos/medium/shop4661-2.jpg",Главная → Запчасти и тюнинг двигателя,https://granves-shop.ru/shop/dvigatel/shlang-ventiljacii-kartera-nizhnii-r4m-lada-granta-kalina-2-priora-vesta-h-rei-brt.html,"Лада Гранта, Лада Калина-2, Лада Приора, Лада Веста, Лада Х Рей -- 16 кл ВАЗ.",,"Внимание! Срок поставки этой позиции может отличаться от стандартного и составлять до <span style=""color: red"">7</span> рабочих дней<br><font size=""1"">При отстутствии товара на основном складе цена может измениться и подлежит уточнению!</font>"
"Шкив зубчатый коленвала ГРМ для двигателей ВАЗ 16кл (21126, 21127, 21129), оригинал","",Код товара: 21126-1005030-00,Данный продукт заявлен производителем для установки в штатные места. Вам не придется делать новых отверстий в машине для установки. Чаще всего у таких деталей используется родной крепеж (бывают исключения).,Данный продукт заявлен производителем для установки в штатные места. Вам не придется делать новых отверстий в машине для установки. Чаще всего у таких деталей используется родной крепеж (бывают исключения).,Поставщик заявил следующую комплектность: Шкив зубчатый коленвала ГРМ - 1 шт,,https://granves-shop.ru/images/photos/medium/shop4761-2.jpg,Главная → Запчасти и тюнинг двигателя,https://granves-shop.ru/shop/dvigatel/shkiv-zubchatyi-kolenvala-grm-dlja-dvigatelei-vaz-16kl-21126-21127-21129-original.html," Лада Веста, Лада Гранта, Лада Х-Рей с двигателями ВАЗ 16кл 21126, 21127, 21129.",,
"Кронштейн задней нижней опоры двигателя Лада Веста для двигателей ВАЗ, оригинал","",Код товара: 8450034034,Данный продукт заявлен производителем для установки в штатные места. Вам не придется делать новых отверстий в машине для установки. Чаще всего у таких деталей используется родной крепеж (бывают исключения).,Данный продукт заявлен производителем для установки в штатные места. Вам не придется делать новых отверстий в машине для установки. Чаще всего у таких деталей используется родной крепеж (бывают исключения).,Поставщик заявил следующую комплектность: кронштейн - 1 шт,,"https://granves-shop.ru/images/photos/medium/shop4575-1.jpg, https://granves-shop.ru/images/photos/medium/shop4575-2.jpg",Главная → Запчасти и тюнинг двигателя,https://granves-shop.ru/shop/dvigatel/kronshtein-zadnei-nizhnei-opory-dvigatelja-lada-vesta-dlja-dvigatelei-vaz-original.html," Лада Веста (21129, 21179)",,"Внимание! Срок поставки этой позиции может отличаться от стандартного и составлять до <span style=""color: red"">7</span> рабочих дней<br><font size=""1"">При отстутствии товара на основном складе цена может измениться и подлежит уточнению!</font>"
Шланг впускной трубы для Лада Х Рей (на систему впуска с 12.09.2019г),"",Код товара: 8450021800,Данный продукт заявлен производителем для установки в штатные места. Вам не придется делать новых отверстий в машине для установки. Чаще всего у таких деталей используется родной крепеж (бывают исключения).,Данный продукт заявлен производителем для установки в штатные места. Вам не придется делать новых отверстий в машине для установки. Чаще всего у таких деталей используется родной крепеж (бывают исключения).,Поставщик заявил следующую комплектность: Шланг - 1 шт.,,https://granves-shop.ru/images/photos/medium/shop4116-2.jpg,Главная → Запчасти и тюнинг двигателя,https://granves-shop.ru/shop/dvigatel/shlang-vpusknoi-truby-dlja-lada-h-rei-na-sistemu-vpuska-s-12-09-2019g.html,"Лада Х Рей (с двигателем 21129, 21179)",,
"Болт М6х30 с шестигранной головкой и фланцем, оригинал","",Код товара: 7703008226,Данный продукт заявлен производителем для установки в штатные места. Вам не придется делать новых отверстий в машине для установки. Чаще всего у таких деталей используется родной крепеж (бывают исключения).,Данный продукт заявлен производителем для установки в штатные места. Вам не придется делать новых отверстий в машине для установки. Чаще всего у таких деталей используется родной крепеж (бывают исключения).,Поставщик заявил следующую комплектность: Болт - 1 шт.,,https://granves-shop.ru/images/photos/medium/shop4082-1.jpg,Главная → Запчасти и тюнинг двигателя,https://granves-shop.ru/shop/kuzov/pistony-fiksatory-i-metizy/bolt-m6h30-s-shestigrannoi-golovkoi-i-flancem-original.html,"Лада Веста (все модели), Лада Х Рей",,
"Головка цилиндров без шпилек в сборе (с направляющими втулками, без клапанов и валов распределительных) для Лада Веста, Х Рей, Гранта FL, Калина-2, оригинал","",Код товара: 21126100301110,Данный продукт заявлен производителем для установки в штатные места. Вам не придется делать новых отверстий в машине для установки. Чаще всего у таких деталей используется родной крепеж (бывают исключения).,Данный продукт заявлен производителем для установки в штатные места. Вам не придется делать новых отверстий в машине для установки. Чаще всего у таких деталей используется родной крепеж (бывают исключения).,Поставщик заявил следующую комплектность: ГБЦ - 1 шт,,"https://granves-shop.ru/images/photos/medium/shop4485-10.jpg, https://granves-shop.ru/images/photos/medium/shop4485-11.jpg, https://granves-shop.ru/images/photos/medium/shop4485-12.jpg, https://granves-shop.ru/images/photos/medium/shop4485-7.jpg, https://granves-shop.ru/images/photos/medium/shop4485-8.jpg, https://granves-shop.ru/images/photos/medium/shop4485-9.jpg",Главная → Запчасти и тюнинг двигателя,https://granves-shop.ru/shop/dvigatel/golovka-cilindrov-bez-shpilek-v-sbore-s-napravljayuschimi-vtulkami-bez-klapanov-i-valov-raspredelitelnyh-dlja-lada-vesta-h-rei-largus-granta-fl-kalina-2-s-dvs-21129-original.html," Лада Веста (21129), Лада Х Рей (21129), Лада Калина 2/Гранта/Гранта FL (21126, 21127)",,
"Шланг вентиляции картера верхний на 16-кл. двигатели ВАЗ, оригинал","",Код товара: 21126-1014240-00,Данный продукт заявлен производителем для установки в штатные места. Вам не придется делать новых отверстий в машине для установки. Чаще всего у таких деталей используется родной крепеж (бывают исключения).,Данный продукт заявлен производителем для установки в штатные места. Вам не придется делать новых отверстий в машине для установки. Чаще всего у таких деталей используется родной крепеж (бывают исключения).,Поставщик заявил следующую комплектность: шланг - 1 шт,,"https://granves-shop.ru/images/photos/medium/shop4558-2.jpg, https://granves-shop.ru/images/photos/medium/shop4558-3.jpg",Главная → Запчасти и тюнинг двигателя,https://granves-shop.ru/shop/dvigatel/shlang-ventiljacii-kartera-verhnii-16-klapannye-dvigateli-vaz-21126-21127-21129-original.html," Лада Гранта (21126, 21127),
Лада Калина-2 (21126, 21127), 
Лада Веста (21129), 
Лада Х-Рей  (21129).",,"Внимание! Срок поставки этой позиции может отличаться от стандартного и составлять до <span style=""color: red"">7</span> рабочих дней<br><font size=""1"">При отстутствии товара на основном складе цена может измениться и подлежит уточнению!</font>"
Патрубок дроссельной заслонки для Лада Гранта 8 клап.,"",Код товара: 211161148010,Данный продукт заявлен производителем для установки в штатные места. Вам не придется делать новых отверстий в машине для установки. Чаще всего у таких деталей используется родной крепеж (бывают исключения).,Данный продукт заявлен производителем для установки в штатные места. Вам не придется делать новых отверстий в машине для установки. Чаще всего у таких деталей используется родной крепеж (бывают исключения).,Поставщик заявил следующую комплектность: Дроссельная заслонка с датчиком - 1 шт.,,"https://granves-shop.ru/images/photos/medium/shop2931-1.jpg, https://granves-shop.ru/images/photos/medium/shop2931-2.jpg",Главная → Запчасти и тюнинг двигателя,https://granves-shop.ru/shop/dvigatel/patrubok-drosselnoi-zaslonki-dlja-lada-granta-8-klap.html," Lada Granta, Lada Kalina 2, Lada Priora, Datsun с 8 клап. двигателем",,"Внимание! Срок поставки этой позиции может отличаться от стандартного и составлять до <span style=""color: red"">7</span> рабочих дней<br><font size=""1"">При отстутствии товара на основном складе цена может измениться и подлежит уточнению!</font>"
"Уплотнитель трубки указателя уровня масла для Лада Веста, Х Рей, Гранта, Калина, Приора (двиг.ВАЗ 16 клапанов)","",Код товара: 21120-1009078,Поставщик заявил следующую комплектность: Уплотнитель - 1 шт,,Поставщик заявил следующую комплектность: Уплотнитель - 1 шт,,"https://granves-shop.ru/images/photos/medium/shop4150-1.jpg, https://granves-shop.ru/images/photos/medium/shop4150-2.jpg, https://granves-shop.ru/images/photos/medium/shop4150-3.jpg",Главная → Запчасти и тюнинг двигателя,https://granves-shop.ru/shop/dvigatel/uplotnitel-trubki-ukazatelja-urovnja-masla-dlja-lada-vesta-h-rei-granta-kalina-priora-dvig-vaz-16-klapanov.html,"а/м с двигателями ВАЗ 16 клапанов: Лада Веста, Х Рей, Гранта, Гранта FL, Калина, Приора, ВАЗ 2110-2115",,"Внимание! Срок поставки этой позиции может отличаться от стандартного и составлять до <span style=""color: red"">7</span> рабочих дней<br><font size=""1"">При отстутствии товара на основном складе цена может измениться и подлежит уточнению!</font>"
"Клапан выпускной для Лада Гранта, Гранта FL (11186), оригинал","",Код товара: 21080100701203,Данный продукт заявлен производителем для установки в штатные места. Вам не придется делать новых отверстий в машине для установки. Чаще всего у таких деталей используется родной крепеж (бывают исключения).,Данный продукт заявлен производителем для установки в штатные места. Вам не придется делать новых отверстий в машине для установки. Чаще всего у таких деталей используется родной крепеж (бывают исключения).,Поставщик заявил следующую комплектность: Клапан выпускной - 1 шт,,https://granves-shop.ru/images/photos/medium/shop4493-1.jpg,Главная → Запчасти и тюнинг двигателя,https://granves-shop.ru/shop/dvigatel/klapan-vypusknoi-dlja-lada-granta-granta-fl-11186-original.html," Лада Гранта (11186), Лада Гранта FL (11186)",,"Внимание! Срок поставки этой позиции может отличаться от стандартного и составлять до <span style=""color: red"">7</span> рабочих дней<br><font size=""1"">При отстутствии товара на основном складе цена может измениться и подлежит уточнению!</font>"
"Клапан впускной Лада Веста, Х Рей с дв.21129, оригинал","",Код товара: 21120100701003,Данный продукт заявлен производителем для установки в штатные места. Вам не придется делать новых отверстий в машине для установки. Чаще всего у таких деталей используется родной крепеж (бывают исключения).,Данный продукт заявлен производителем для установки в штатные места. Вам не придется делать новых отверстий в машине для установки. Чаще всего у таких деталей используется родной крепеж (бывают исключения).,Поставщик заявил следующую комплектность: Клапан впускной - 1 шт,,https://granves-shop.ru/images/photos/medium/shop4492-1.jpg,Главная → Запчасти и тюнинг двигателя,https://granves-shop.ru/shop/dvigatel/klapan-vpusknoi-lada-vesta-h-rei-s-dv-16-kl-vaz-21129-original.html," Лада Веста (21129), Лада Х Рей (21129)",,"Внимание! Срок поставки этой позиции может отличаться от стандартного и составлять до <span style=""color: red"">7</span> рабочих дней<br><font size=""1"">При отстутствии товара на основном складе цена может измениться и подлежит уточнению!</font>"
"Картер масляный для Лада Веста (АМТ), Лада Калина, Лада Гранта (кроме АКПП), оригинал","",Код товара: 21100100901030,Данный продукт заявлен производителем для установки в штатные места. Вам не придется делать новых отверстий в машине для установки. Чаще всего у таких деталей используется родной крепеж (бывают исключения).,Данный продукт заявлен производителем для установки в штатные места. Вам не придется делать новых отверстий в машине для установки. Чаще всего у таких деталей используется родной крепеж (бывают исключения).,Поставщик заявил следующую комплектность: картер масляный -1 шт,,https://granves-shop.ru/images/photos/medium/shop4491-1.jpg,Главная → Запчасти и тюнинг двигателя,https://granves-shop.ru/shop/dvigatel/karter-masljanyi-dlja-lada-vesta-amt-lada-kalina-lada-granta-krome-akpp-original.html," Лада Гранта, Лада Калина, Лада Веста ",,"Внимание! Срок поставки этой позиции может отличаться от стандартного и составлять до <span style=""color: red"">7</span> рабочих дней<br><font size=""1"">При отстутствии товара на основном складе цена может измениться и подлежит уточнению!</font>"
"Воздухозаборник воздушного фильтра Лада Гранта Спорт, Калина-2 Спорт, Оригинал","",Код товара: 21905-1109302-77,Данный продукт заявлен производителем для установки в штатные места. Вам не придется делать новых отверстий в машине для установки. Чаще всего у таких деталей используется родной крепеж (бывают исключения).,Данный продукт заявлен производителем для установки в штатные места. Вам не придется делать новых отверстий в машине для установки. Чаще всего у таких деталей используется родной крепеж (бывают исключения).,Поставщик заявил следующую комплектность: воздухозаборник - 1 шт,,"https://granves-shop.ru/images/photos/medium/shop4591-1.jpg, https://granves-shop.ru/images/photos/medium/shop4591-2.jpg",Главная → Запчасти и тюнинг двигателя,https://granves-shop.ru/shop/dvigatel/vozduhozabornik-vozdushnogo-filtra-lada-granta-sport-kalina-2-sport-original.html,"Лада Гранта Спорт, Лада Калина-2 Спорт.
 ",,
"Кольца поршневые ВАЗ-21083, 21213 d=82.4, оригинал","",Код товара: 21083100010031,Данный продукт заявлен производителем для установки в штатные места. Вам не придется делать новых отверстий в машине для установки. Чаще всего у таких деталей используется родной крепеж (бывают исключения).,Данный продукт заявлен производителем для установки в штатные места. Вам не придется делать новых отверстий в машине для установки. Чаще всего у таких деталей используется родной крепеж (бывают исключения).,Поставщик заявил следующую комплектность: Кольца поршневые (на 4 цилиндра),,https://granves-shop.ru/images/photos/medium/shop4655-1.jpg,Главная → Запчасти и тюнинг двигателя,https://granves-shop.ru/shop/dvigatel/kolca-porshnevye-vaz-21083-21213-d-82-4-original.html," для ВАЗ-21083, 21213",,"Внимание! Срок поставки этой позиции может отличаться от стандартного и составлять до <span style=""color: red"">7</span> рабочих дней<br><font size=""1"">При отстутствии товара на основном складе цена может измениться и подлежит уточнению!</font>"
"Полукорпус воздушного фильтра верхний (инжектор) Лада Приора, BOSCH","",Код товара: 21120-1109016-10,Данный продукт заявлен производителем для установки в штатные места. Вам не придется делать новых отверстий в машине для установки. Чаще всего у таких деталей используется родной крепеж (бывают исключения).,Данный продукт заявлен производителем для установки в штатные места. Вам не придется делать новых отверстий в машине для установки. Чаще всего у таких деталей используется родной крепеж (бывают исключения).,Поставщик заявил следующую комплектность: Полукорпус верхний - 1 шт.,,"https://granves-shop.ru/images/photos/medium/shop4790-1.jpg, https://granves-shop.ru/images/photos/medium/shop4790-2.jpg, https://granves-shop.ru/images/photos/medium/shop4790-3.jpg",Главная → Запчасти и тюнинг двигателя,https://granves-shop.ru/shop/dvigatel/polukorpus-vozdushnogo-filtra-verhnii-inzhektor-lada-priora-bosch.html,Лада Приора,,"Внимание! Срок поставки этой позиции может отличаться от стандартного и составлять до <span style=""color: red"">7</span> рабочих дней<br><font size=""1"">При отстутствии товара на основном складе цена может измениться и подлежит уточнению!</font>"
